FlightDate,Carrier,FlightNumber,Origin,Destination,DepartureTime,DepartureDelay,ArrivalTime,ArrivalDelay,FlightTime
1/1/2019,UA,2001,ORD,LAX,824,-6,1119,15,295
1/1/2019,UA,1836,ORD,LAX,1358,-4,1656,23,298
1/1/2019,UA,1186,ORD,LAX,2126,16,2346,5,260
1/1/2019,UA,1110,ORD,LAX,2003,47,2223,23,260
1/1/2019,UA,659,ORD,LAX,2116,51,2336,40,260
1/1/2019,UA,592,ORD,LAX,1608,13,1806,-13,238
1/1/2019,UA,566,ORD,LAX,1353,68,1615,59,262
1/1/2019,UA,531,ORD,LAX,1002,1,1225,-10,263
1/1/2019,UA,411,ORD,LAX,1940,101,2142,74,242
1/1/2019,UA,310,ORD,LAX,1132,-3,1342,-26,250
1/1/2019,UA,204,ORD,LAX,753,0,1029,-3,276
1/1/2019,AA,2364,ORD,LAX,1637,2,1909,-1,272
1/1/2019,AA,2611,ORD,LAX,1403,32,1618,11,255
1/1/2019,AA,2715,ORD,LAX,1833,8,2048,-22,255
1/1/2019,AA,2744,ORD,LAX,1251,56,1507,38,256
1/1/2019,AA,1050,ORD,LAX,1012,-3,1240,-15,268
1/1/2019,AA,1163,ORD,LAX,906,1,1134,-19,268
1/1/2019,AS,105,ORD,LAX,1910,5,2151,-3,281
1/1/2019,NK,731,ORD,LAX,1521,0,1803,3,282
1/1/2019,NK,737,ORD,LAX,916,16,1230,50,314
1/1/2019,AA,245,ORD,LAX,2030,0,2326,11,296
1/1/2019,AA,1375,ORD,LAX,1624,84,1843,68,259
1/1/2019,AA,1384,ORD,LAX,924,124,1208,118,284
1/2/2019,NK,731,ORD,LAX,1536,15,1745,-15,249
1/2/2019,NK,737,ORD,LAX,855,-5,1120,-20,265
1/2/2019,AA,245,ORD,LAX,2032,2,2246,-29,254
1/2/2019,AA,1375,ORD,LAX,1549,49,1758,23,249
1/2/2019,AA,1384,ORD,LAX,736,16,940,-30,244
1/2/2019,AA,2364,ORD,LAX,1644,9,1849,-21,245
1/2/2019,AA,2611,ORD,LAX,1345,14,1600,-7,255
1/2/2019,AA,2715,ORD,LAX,1841,16,2052,-18,251
1/2/2019,AA,2744,ORD,LAX,1434,159,1655,146,261
1/2/2019,AA,1050,ORD,LAX,1034,19,1307,12,273
1/2/2019,AA,1163,ORD,LAX,910,5,1134,-19,264
1/2/2019,AS,105,ORD,LAX,1944,39,2206,12,262
1/2/2019,UA,2194,ORD,LAX,627,-3,920,16,293
1/2/2019,UA,2001,ORD,LAX,829,-1,1054,-10,265
1/2/2019,UA,1836,ORD,LAX,1415,13,1644,11,269
1/2/2019,UA,1186,ORD,LAX,2143,33,16,35,273
1/2/2019,UA,1110,ORD,LAX,1915,-1,2141,-19,266
1/2/2019,UA,659,ORD,LAX,2042,17,2309,13,267
1/2/2019,UA,592,ORD,LAX,1616,21,1829,10,253
1/2/2019,UA,566,ORD,LAX,1259,14,1511,-5,252
1/2/2019,UA,531,ORD,LAX,958,-3,1218,-17,260
1/2/2019,UA,411,ORD,LAX,1815,16,2019,-9,244
1/2/2019,UA,310,ORD,LAX,1136,1,1345,-23,249
1/2/2019,UA,204,ORD,LAX,753,0,1013,-19,260
1/3/2019,UA,2194,ORD,LAX,625,-5,824,-40,239
1/3/2019,UA,2001,ORD,LAX,823,-7,1102,-2,279
1/3/2019,UA,1836,ORD,LAX,1359,-3,1557,-36,238
1/3/2019,UA,1186,ORD,LAX,2113,3,2320,-21,247
1/3/2019,UA,1110,ORD,LAX,1939,23,2143,-17,244
1/3/2019,UA,659,ORD,LAX,2030,5,2241,-15,251
1/3/2019,UA,592,ORD,LAX,1555,0,1758,-21,243
1/3/2019,UA,566,ORD,LAX,1247,2,1451,-25,244
1/3/2019,UA,531,ORD,LAX,1136,95,1323,48,227
1/3/2019,UA,411,ORD,LAX,1758,-1,2004,-24,246
1/3/2019,UA,310,ORD,LAX,1132,-3,1327,-41,235
1/3/2019,UA,204,ORD,LAX,752,-1,1001,-31,249
1/3/2019,AA,2364,ORD,LAX,2255,380,52,342,237
1/3/2019,AA,2611,ORD,LAX,1339,8,1536,-31,237
1/3/2019,AA,2715,ORD,LAX,1843,18,2045,-25,242
1/3/2019,AA,2744,ORD,LAX,1207,12,1402,-27,235
1/3/2019,AA,1050,ORD,LAX,1014,-1,1220,-35,246
1/3/2019,AA,1163,ORD,LAX,933,28,1141,-12,248
1/3/2019,AS,105,ORD,LAX,1904,-1,2057,-57,233
1/3/2019,NK,731,ORD,LAX,1526,5,1723,-37,237
1/3/2019,NK,737,ORD,LAX,848,-12,1110,-30,262
1/3/2019,AA,245,ORD,LAX,2034,4,2241,-34,247
1/3/2019,AA,1375,ORD,LAX,1457,-3,1658,-37,241
1/3/2019,AA,1384,ORD,LAX,732,12,921,-49,229
1/4/2019,NK,731,ORD,LAX,1515,-6,1726,-34,251
1/4/2019,NK,737,ORD,LAX,856,-4,1119,-21,263
1/4/2019,AA,245,ORD,LAX,2132,62,2357,42,265
1/4/2019,AA,1375,ORD,LAX,1459,-1,1708,-27,249
1/4/2019,AA,1384,ORD,LAX,726,6,922,-48,236
1/4/2019,UA,2194,ORD,LAX,703,33,906,2,243
1/4/2019,UA,2001,ORD,LAX,829,-1,1035,-29,246
1/4/2019,UA,1836,ORD,LAX,1401,-1,1613,-20,252
1/4/2019,AA,2364,ORD,LAX,1633,-2,1849,-21,256
1/4/2019,AA,2611,ORD,LAX,1327,-4,1532,-35,245
1/4/2019,AA,2715,ORD,LAX,1825,0,2052,-18,267
1/4/2019,AA,2744,ORD,LAX,1149,-6,1346,-43,237
1/4/2019,AA,1050,ORD,LAX,1016,1,1228,-27,252
1/4/2019,AA,1163,ORD,LAX,858,-7,1114,-39,256
1/4/2019,AS,105,ORD,LAX,1903,-2,2149,-5,286
1/4/2019,UA,1186,ORD,LAX,2111,1,2341,0,270
1/4/2019,UA,1110,ORD,LAX,1914,-2,2146,-14,272
1/4/2019,UA,659,ORD,LAX,2020,-5,2243,-13,263
1/4/2019,UA,592,ORD,LAX,1550,-5,1808,-11,258
1/4/2019,UA,566,ORD,LAX,1243,-2,1447,-29,244
1/4/2019,UA,531,ORD,LAX,956,-5,1220,-15,264
1/4/2019,UA,411,ORD,LAX,1758,-1,2024,-4,266
1/4/2019,UA,310,ORD,LAX,1130,-5,1335,-33,245
1/4/2019,UA,204,ORD,LAX,749,-4,1002,-30,253
1/5/2019,AA,2364,ORD,LAX,1630,-5,1917,7,287
1/5/2019,AA,2611,ORD,LAX,1326,-5,1549,-18,263
1/5/2019,AA,2715,ORD,LAX,1855,30,2151,41,296
1/5/2019,AA,2744,ORD,LAX,1151,-4,1410,-19,259
1/5/2019,AA,1050,ORD,LAX,1013,-2,1307,12,294
1/5/2019,AA,1163,ORD,LAX,859,-6,1138,-15,279
1/5/2019,AS,105,ORD,LAX,1847,-18,2218,24,331
1/5/2019,NK,731,ORD,LAX,1518,-3,1828,28,310
1/5/2019,NK,737,ORD,LAX,858,-2,1131,-9,273
1/5/2019,AA,245,ORD,LAX,2030,0,2314,-1,284
1/5/2019,AA,1375,ORD,LAX,1457,-3,1825,50,328
1/5/2019,AA,1384,ORD,LAX,716,-4,1003,-7,287
1/5/2019,UA,2194,ORD,LAX,623,-7,856,-8,273
1/5/2019,UA,1836,ORD,LAX,1356,-6,1630,-3,274
1/5/2019,UA,1110,ORD,LAX,1935,19,2258,58,323
1/5/2019,UA,659,ORD,LAX,2019,-6,2316,20,297
1/5/2019,UA,592,ORD,LAX,1559,4,1842,23,283
1/5/2019,UA,566,ORD,LAX,1237,-8,1459,-17,262
1/5/2019,UA,531,ORD,LAX,1000,-1,1229,-6,269
1/5/2019,UA,411,ORD,LAX,1815,16,2056,28,281
1/5/2019,UA,310,ORD,LAX,1130,-5,1358,-10,268
1/5/2019,UA,204,ORD,LAX,749,-4,1025,-7,276
1/6/2019,NK,731,ORD,LAX,1522,1,1758,-2,276
1/6/2019,NK,737,ORD,LAX,858,-2,1136,-4,278
1/6/2019,AA,2516,ORD,LAX,701,1,1010,25,309
1/6/2019,AA,245,ORD,LAX,2027,-3,2303,-5,276
1/6/2019,AA,1375,ORD,LAX,1539,39,1810,40,271
1/6/2019,UA,2194,ORD,LAX,627,-3,859,-5,272
1/6/2019,UA,1836,ORD,LAX,1356,-6,1631,-2,275
1/6/2019,UA,1186,ORD,LAX,2108,-2,2342,1,274
1/6/2019,UA,1110,ORD,LAX,1909,-7,2214,14,305
1/6/2019,UA,659,ORD,LAX,2015,0,2305,19,290
1/6/2019,UA,592,ORD,LAX,,,,,
1/6/2019,UA,566,ORD,LAX,1242,-3,1511,-5,269
1/6/2019,UA,531,ORD,LAX,1000,-1,1231,-4,271
1/6/2019,UA,411,ORD,LAX,1756,-3,2029,1,273
1/6/2019,UA,310,ORD,LAX,1132,-3,1404,-4,272
1/6/2019,UA,204,ORD,LAX,751,-2,1024,-8,273
1/6/2019,AA,2364,ORD,LAX,1632,-3,1914,8,282
1/6/2019,AA,2611,ORD,LAX,1546,135,1820,138,274
1/6/2019,AA,2715,ORD,LAX,1842,12,2119,11,277
1/6/2019,AA,2744,ORD,LAX,1157,2,1435,10,278
1/6/2019,AA,1021,ORD,LAX,1009,-6,1249,-1,280
1/6/2019,AA,1163,ORD,LAX,902,-3,1144,-6,282
1/6/2019,AS,105,ORD,LAX,2056,111,2359,125,303
1/7/2019,AA,2364,ORD,LAX,1632,-3,1905,-1,273
1/7/2019,AA,2611,ORD,LAX,1449,78,1722,80,273
1/7/2019,AA,2715,ORD,LAX,1857,27,2205,57,308
1/7/2019,AA,2744,ORD,LAX,1213,18,1503,38,290
1/7/2019,AA,1021,ORD,LAX,1021,6,1327,37,306
1/7/2019,AA,1163,ORD,LAX,907,2,1205,15,298
1/7/2019,AA,1208,ORD,LAX,657,-3,944,-1,287
1/7/2019,AS,1241,ORD,LAX,2008,63,2233,43,265
1/7/2019,NK,731,ORD,LAX,1520,-1,1745,-15,265
1/7/2019,NK,737,ORD,LAX,940,-5,1222,-3,282
1/7/2019,AA,245,ORD,LAX,2027,-3,2345,37,318
1/7/2019,AA,1375,ORD,LAX,1501,1,1739,9,278
1/7/2019,UA,1836,ORD,LAX,1407,-5,1648,-1,281
1/7/2019,UA,1186,ORD,LAX,2058,-7,2325,-19,267
1/7/2019,UA,592,ORD,LAX,1533,-6,1758,-17,265
1/7/2019,UA,566,ORD,LAX,1530,144,1810,146,280
1/7/2019,UA,531,ORD,LAX,1035,5,1352,41,317
1/7/2019,UA,411,ORD,LAX,1757,-2,2034,-1,277
1/7/2019,UA,366,ORD,LAX,1931,-1,2217,7,286
1/7/2019,UA,310,ORD,LAX,1123,-7,1423,15,300
1/7/2019,UA,204,ORD,LAX,753,-2,1036,0,283
1/8/2019,NK,731,ORD,LAX,1521,0,1744,-16,263
1/8/2019,NK,737,ORD,LAX,940,-5,1204,-21,264
1/8/2019,AA,245,ORD,LAX,2038,8,2257,-11,259
1/8/2019,AA,1375,ORD,LAX,1504,4,1726,-4,262
1/8/2019,UA,1836,ORD,LAX,1407,-5,1634,-15,267
1/8/2019,UA,592,ORD,LAX,1537,-2,1808,-7,271
1/8/2019,UA,566,ORD,LAX,1243,-8,1516,-13,273
1/8/2019,UA,531,ORD,LAX,1025,-5,1305,-6,280
1/8/2019,UA,411,ORD,LAX,1753,-6,2029,-6,276
1/8/2019,UA,366,ORD,LAX,1930,-2,2159,-11,269
1/8/2019,UA,310,ORD,LAX,1139,9,1411,3,272
1/8/2019,UA,204,ORD,LAX,749,-6,1021,-15,272
1/8/2019,AA,2364,ORD,LAX,1629,-6,1904,-2,275
1/8/2019,AA,2611,ORD,LAX,1325,-6,1530,-32,245
1/8/2019,AA,2715,ORD,LAX,1836,6,2133,25,297
1/8/2019,AA,2744,ORD,LAX,1155,0,1421,-4,266
1/8/2019,AA,1021,ORD,LAX,1009,-6,1254,4,285
1/8/2019,AA,1163,ORD,LAX,901,-4,1138,-12,277
1/8/2019,AA,1208,ORD,LAX,657,-3,924,-21,267
1/8/2019,AS,1241,ORD,LAX,1918,13,2151,1,273
1/9/2019,AA,2364,ORD,LAX,1631,-4,1858,-8,267
1/9/2019,AA,2611,ORD,LAX,1326,-5,1557,-5,271
1/9/2019,AA,2715,ORD,LAX,1833,3,2143,35,310
1/9/2019,AA,2744,ORD,LAX,1152,-3,1409,-16,257
1/9/2019,AA,1021,ORD,LAX,1159,104,1422,92,263
1/9/2019,AA,1163,ORD,LAX,1053,108,1321,91,268
1/9/2019,AA,1208,ORD,LAX,656,-4,916,-29,260
1/9/2019,AS,1241,ORD,LAX,1902,-3,2202,12,300
1/9/2019,UA,1836,ORD,LAX,1411,-1,1642,-7,271
1/9/2019,UA,592,ORD,LAX,1537,-2,1809,-6,272
1/9/2019,UA,566,ORD,LAX,1252,1,1525,-4,273
1/9/2019,UA,531,ORD,LAX,1028,-2,1254,-17,266
1/9/2019,UA,411,ORD,LAX,1757,-2,2032,-3,275
1/9/2019,UA,366,ORD,LAX,1952,20,2215,5,263
1/9/2019,UA,310,ORD,LAX,1122,-8,1417,9,295
1/9/2019,UA,204,ORD,LAX,908,73,1134,58,266
1/9/2019,NK,731,ORD,LAX,1519,-2,1751,-9,272
1/9/2019,NK,737,ORD,LAX,947,2,1223,-2,276
1/9/2019,AA,245,ORD,LAX,2029,-1,2256,-12,267
1/9/2019,AA,1375,ORD,LAX,1500,0,1727,-3,267
1/10/2019,NK,731,ORD,LAX,1514,-4,1741,-19,267
1/10/2019,NK,737,ORD,LAX,938,-7,1212,-16,274
1/10/2019,AA,245,ORD,LAX,2025,-5,2248,-20,263
1/10/2019,AA,1375,ORD,LAX,1457,-3,1727,-3,270
1/10/2019,AA,2364,ORD,LAX,1635,0,1901,-5,266
1/10/2019,AA,2611,ORD,LAX,1336,5,1605,3,269
1/10/2019,AA,2715,ORD,LAX,1826,-4,2108,0,282
1/10/2019,AA,2744,ORD,LAX,1232,37,1455,30,263
1/10/2019,AA,1021,ORD,LAX,1115,60,1340,50,265
1/10/2019,AA,1163,ORD,LAX,951,46,1218,28,267
1/10/2019,AA,1208,ORD,LAX,654,-6,925,-20,271
1/10/2019,AS,1241,ORD,LAX,1852,-13,2147,-3,295
1/10/2019,UA,1836,ORD,LAX,1404,-8,1636,-13,272
1/10/2019,UA,1186,ORD,LAX,2125,20,2328,-16,243
1/10/2019,UA,592,ORD,LAX,1532,-7,1800,-15,268
1/10/2019,UA,566,ORD,LAX,1245,-6,1510,-19,265
1/10/2019,UA,531,ORD,LAX,1104,34,1309,-2,245
1/10/2019,UA,411,ORD,LAX,1759,0,2025,-10,266
1/10/2019,UA,366,ORD,LAX,1930,-2,2151,-19,261
1/10/2019,UA,310,ORD,LAX,1125,-5,1345,-23,260
1/10/2019,UA,204,ORD,LAX,756,1,1027,-9,271
1/11/2019,AA,2364,ORD,LAX,1633,-2,1858,-8,265
1/11/2019,AA,2611,ORD,LAX,1331,0,1538,-24,247
1/11/2019,AA,2715,ORD,LAX,2010,100,2213,65,243
1/11/2019,AA,2744,ORD,LAX,1154,-1,1414,-11,260
1/11/2019,AA,1021,ORD,LAX,1012,-3,1243,-7,271
1/11/2019,AA,1163,ORD,LAX,909,4,1129,-21,260
1/11/2019,AA,1208,ORD,LAX,659,-1,917,-28,258
1/11/2019,AS,1241,ORD,LAX,1904,-1,2149,-1,285
1/11/2019,UA,1836,ORD,LAX,1404,-8,1634,-15,270
1/11/2019,UA,1186,ORD,LAX,2102,-3,2318,-26,256
1/11/2019,UA,592,ORD,LAX,1538,-1,1802,-13,264
1/11/2019,UA,566,ORD,LAX,1251,0,1512,-17,261
1/11/2019,UA,531,ORD,LAX,1029,-1,1307,-4,278
1/11/2019,UA,411,ORD,LAX,1756,-3,2020,-15,264
1/11/2019,UA,366,ORD,LAX,1928,-4,2202,-8,274
1/11/2019,UA,310,ORD,LAX,1133,3,1350,-18,257
1/11/2019,UA,204,ORD,LAX,751,-4,1032,-4,281
1/11/2019,NK,731,ORD,LAX,1516,-2,1741,-19,265
1/11/2019,NK,737,ORD,LAX,944,-1,1215,-13,271
1/11/2019,AA,245,ORD,LAX,2028,-2,2252,-16,264
1/11/2019,AA,1375,ORD,LAX,1457,-3,1721,-9,264
1/12/2019,NK,731,ORD,LAX,1516,-2,1800,0,284
1/12/2019,NK,737,ORD,LAX,938,-7,1159,-29,261
1/12/2019,AA,245,ORD,LAX,2051,21,2249,-19,238
1/12/2019,AA,1375,ORD,LAX,1509,9,1730,0,261
1/12/2019,AA,2364,ORD,LAX,1645,10,1901,-5,256
1/12/2019,AA,2611,ORD,LAX,1341,10,1652,50,311
1/12/2019,AA,2715,ORD,LAX,1900,30,2124,16,264
1/12/2019,AA,2744,ORD,LAX,1210,15,1439,14,269
1/12/2019,AA,1021,ORD,LAX,1006,-9,1237,-13,271
1/12/2019,AA,1163,ORD,LAX,902,-3,1119,-31,257
1/12/2019,AA,1208,ORD,LAX,653,-7,924,-21,271
1/12/2019,UA,1836,ORD,LAX,1412,0,1720,31,308
1/12/2019,UA,1186,ORD,LAX,2131,18,2338,-15,247
1/12/2019,UA,592,ORD,LAX,1618,33,1907,51,289
1/12/2019,UA,566,ORD,LAX,1301,10,1518,-11,257
1/12/2019,UA,531,ORD,LAX,1030,0,1301,-10,271
1/12/2019,UA,411,ORD,LAX,1820,21,2036,1,256
1/12/2019,AS,1241,ORD,LAX,1928,23,2223,33,295
1/13/2019,AS,1241,ORD,LAX,1853,-12,2120,-30,267
1/13/2019,AA,2364,ORD,LAX,1629,-6,1836,-30,247
1/13/2019,AA,2611,ORD,LAX,1326,-5,1542,-20,256
1/13/2019,AA,2715,ORD,LAX,1843,13,2104,-4,261
1/13/2019,AA,2744,ORD,LAX,1158,3,1407,-18,249
1/13/2019,AA,1021,ORD,LAX,1012,-3,1223,-27,251
1/13/2019,AA,1163,ORD,LAX,901,-4,1119,-31,258
1/13/2019,AA,1208,ORD,LAX,818,78,1040,55,262
1/13/2019,UA,592,ORD,LAX,1537,-2,1746,-29,249
1/13/2019,UA,566,ORD,LAX,1255,4,1506,-23,251
1/13/2019,UA,531,ORD,LAX,1027,-3,1255,-16,268
1/13/2019,UA,411,ORD,LAX,1804,5,2022,-13,258
1/13/2019,UA,366,ORD,LAX,1933,1,2152,-18,259
1/13/2019,UA,310,ORD,LAX,1122,-8,1332,-36,250
1/13/2019,UA,204,ORD,LAX,754,-1,957,-39,243
1/13/2019,UA,1836,ORD,LAX,1447,35,1643,-6,236
1/13/2019,UA,1186,ORD,LAX,2102,-3,2313,-31,251
1/13/2019,NK,731,ORD,LAX,1522,4,1742,-18,260
1/13/2019,NK,737,ORD,LAX,1122,97,1337,69,255
1/13/2019,AA,245,ORD,LAX,2024,-6,2232,-36,248
1/13/2019,AA,1375,ORD,LAX,1502,2,1702,-28,240
1/14/2019,NK,731,ORD,LAX,1514,-4,1747,-13,273
1/14/2019,NK,737,ORD,LAX,939,-6,1219,-9,280
1/14/2019,AA,245,ORD,LAX,2025,-5,2308,0,283
1/14/2019,AA,1375,ORD,LAX,1459,-1,1735,5,276
1/14/2019,AA,2364,ORD,LAX,1636,1,1916,10,280
1/14/2019,AA,2611,ORD,LAX,1338,7,1612,10,274
1/14/2019,AA,2715,ORD,LAX,1829,-1,2115,7,286
1/14/2019,AA,2744,ORD,LAX,1152,-3,1424,-1,272
1/14/2019,AA,1021,ORD,LAX,1009,-6,1243,-7,274
1/14/2019,AA,1163,ORD,LAX,907,2,1139,-11,272
1/14/2019,AA,1208,ORD,LAX,655,-5,929,-16,274
1/14/2019,UA,1836,ORD,LAX,1409,-3,1645,-4,276
1/14/2019,UA,1186,ORD,LAX,2054,-11,2326,-18,272
1/14/2019,UA,592,ORD,LAX,1538,-1,1813,-2,275
1/14/2019,UA,566,ORD,LAX,1245,-6,1528,-1,283
1/14/2019,UA,531,ORD,LAX,1023,-7,1306,-5,283
1/14/2019,UA,411,ORD,LAX,1755,-4,2025,-10,270
1/14/2019,UA,366,ORD,LAX,1928,-4,2228,18,300
1/14/2019,UA,310,ORD,LAX,1124,-6,1351,-17,267
1/14/2019,UA,204,ORD,LAX,758,3,1052,16,294
1/14/2019,AS,1241,ORD,LAX,1859,-6,2157,7,298
1/15/2019,AS,1241,ORD,LAX,1906,1,2148,-2,282
1/15/2019,AA,2364,ORD,LAX,1630,-5,1903,-3,273
1/15/2019,AA,2611,ORD,LAX,1336,5,1613,11,277
1/15/2019,AA,2715,ORD,LAX,1837,7,2116,8,279
1/15/2019,AA,2744,ORD,LAX,1150,-5,1410,-15,260
1/15/2019,AA,1021,ORD,LAX,1018,3,1250,0,272
1/15/2019,AA,1163,ORD,LAX,900,-5,1130,-20,270
1/15/2019,AA,1208,ORD,LAX,659,-1,928,-17,269
1/15/2019,UA,1836,ORD,LAX,1409,-3,1638,-11,269
1/15/2019,UA,592,ORD,LAX,1536,-3,1812,-3,276
1/15/2019,UA,566,ORD,LAX,1253,2,1538,9,285
1/15/2019,UA,531,ORD,LAX,1026,-4,1318,7,292
1/15/2019,UA,411,ORD,LAX,1802,3,2107,32,305
1/15/2019,UA,366,ORD,LAX,1932,0,2211,1,279
1/15/2019,UA,310,ORD,LAX,1124,-6,1345,-23,261
1/15/2019,UA,204,ORD,LAX,752,-3,1027,-9,275
1/15/2019,NK,731,ORD,LAX,1516,-2,1751,-9,275
1/15/2019,NK,737,ORD,LAX,941,-4,1218,-10,277
1/15/2019,AA,245,ORD,LAX,2058,28,2331,23,273
1/15/2019,AA,1375,ORD,LAX,1513,13,1739,9,266
1/16/2019,NK,731,ORD,LAX,1515,-3,1748,-12,273
1/16/2019,NK,737,ORD,LAX,940,-5,1211,-17,271
1/16/2019,AA,245,ORD,LAX,2028,-2,2300,-8,272
1/16/2019,AA,1375,ORD,LAX,1510,10,1751,21,281
1/16/2019,AA,2364,ORD,LAX,1634,-1,1901,-5,267
1/16/2019,AA,2611,ORD,LAX,1406,35,1636,34,270
1/16/2019,AA,2715,ORD,LAX,1837,7,2119,11,282
1/16/2019,AA,2744,ORD,LAX,1153,-2,1416,-9,263
1/16/2019,AA,1021,ORD,LAX,1009,-6,1246,-4,277
1/16/2019,AA,1163,ORD,LAX,914,9,1150,0,276
1/16/2019,AA,1208,ORD,LAX,656,-4,930,-15,274
1/16/2019,UA,1836,ORD,LAX,1405,-7,1630,-19,265
1/16/2019,UA,592,ORD,LAX,1533,-6,2144,,
1/16/2019,UA,566,ORD,LAX,1248,-3,1524,-5,276
1/16/2019,UA,531,ORD,LAX,1029,-1,1309,-2,280
1/16/2019,UA,411,ORD,LAX,1759,0,2027,-8,268
1/16/2019,UA,366,ORD,LAX,1931,-1,2219,9,288
1/16/2019,UA,310,ORD,LAX,1124,-6,1402,-6,278
1/16/2019,UA,204,ORD,LAX,758,3,1040,4,282
1/16/2019,AS,1241,ORD,LAX,1853,-12,2126,-24,273
1/17/2019,AS,1241,ORD,LAX,1905,0,2208,18,303
1/17/2019,AA,2364,ORD,LAX,1631,-4,1909,3,278
1/17/2019,AA,2611,ORD,LAX,1331,0,1603,1,272
1/17/2019,AA,2715,ORD,LAX,1848,18,2142,34,294
1/17/2019,AA,2744,ORD,LAX,1154,-1,1419,-6,265
1/17/2019,AA,1021,ORD,LAX,1009,-6,1239,-11,270
1/17/2019,AA,1163,ORD,LAX,905,0,1148,-2,283
1/17/2019,AA,1208,ORD,LAX,658,-2,924,-21,266
1/17/2019,UA,592,ORD,LAX,1544,5,1812,-3,268
1/17/2019,UA,566,ORD,LAX,1249,-2,1528,-1,279
1/17/2019,UA,531,ORD,LAX,1027,-3,1315,4,288
1/17/2019,UA,411,ORD,LAX,1804,5,2053,18,289
1/17/2019,UA,366,ORD,LAX,2333,241,152,222,259
1/17/2019,UA,310,ORD,LAX,1126,-4,1357,-11,271
1/17/2019,UA,204,ORD,LAX,751,-4,1031,-5,280
1/17/2019,NK,731,ORD,LAX,1514,-4,1755,-5,281
1/17/2019,NK,737,ORD,LAX,942,-3,1222,-6,280
1/17/2019,AA,245,ORD,LAX,2039,9,2316,8,277
1/17/2019,AA,1375,ORD,LAX,1649,109,1908,98,259
1/17/2019,UA,1836,ORD,LAX,1416,4,1717,28,301
1/17/2019,UA,1186,ORD,LAX,2205,60,28,44,263
1/18/2019,NK,731,ORD,LAX,1519,1,1749,-11,270
1/18/2019,NK,737,ORD,LAX,947,2,1207,-21,260
1/18/2019,AA,245,ORD,LAX,,,,,
1/18/2019,AA,1375,ORD,LAX,1545,45,1801,31,256
1/18/2019,UA,204,ORD,LAX,752,-3,1012,-24,260
1/18/2019,AA,2364,ORD,LAX,1644,9,1848,-18,244
1/18/2019,AA,2611,ORD,LAX,1329,-2,1550,-12,261
1/18/2019,AA,2715,ORD,LAX,1913,43,2145,37,272
1/18/2019,AA,2744,ORD,LAX,1235,40,1450,25,255
1/18/2019,AA,1021,ORD,LAX,1105,50,1319,29,254
1/18/2019,AA,1163,ORD,LAX,901,-4,1126,-24,265
1/18/2019,AA,1208,ORD,LAX,655,-5,924,-21,269
1/18/2019,AS,1241,ORD,LAX,1910,5,2135,-15,265
1/18/2019,UA,1836,ORD,LAX,1412,0,1633,-16,261
1/18/2019,UA,1186,ORD,LAX,2108,3,2316,-28,248
1/18/2019,UA,592,ORD,LAX,1538,-1,1754,-21,256
1/18/2019,UA,566,ORD,LAX,1248,-3,1507,-22,259
1/18/2019,UA,531,ORD,LAX,1030,0,1310,-1,280
1/18/2019,UA,411,ORD,LAX,1756,-3,2006,-29,250
1/18/2019,UA,366,ORD,LAX,1946,14,2203,-7,257
1/18/2019,UA,310,ORD,LAX,1204,34,1418,10,254
1/19/2019,AS,1241,ORD,LAX,,,,,
1/19/2019,UA,1836,ORD,LAX,2247,515,112,503,265
1/19/2019,UA,1186,ORD,LAX,47,214,316,203,269
1/19/2019,UA,592,ORD,LAX,1604,19,1842,26,278
1/19/2019,UA,566,ORD,LAX,,,,,
1/19/2019,UA,531,ORD,LAX,,,,,
1/19/2019,UA,411,ORD,LAX,2351,352,215,340,264
1/19/2019,AA,2364,ORD,LAX,1905,150,2127,141,262
1/19/2019,AA,2611,ORD,LAX,1418,47,1616,14,238
1/19/2019,AA,2715,ORD,LAX,2145,195,4,176,259
1/19/2019,AA,2744,ORD,LAX,1215,20,1431,6,256
1/19/2019,AA,1021,ORD,LAX,1005,-10,1305,15,300
1/19/2019,AA,1163,ORD,LAX,925,20,1151,1,266
1/19/2019,AA,1208,ORD,LAX,,,,,
1/19/2019,NK,731,ORD,LAX,1723,125,2011,131,288
1/19/2019,NK,737,ORD,LAX,944,-1,1208,-20,264
1/19/2019,AA,245,ORD,LAX,2349,199,209,181,260
1/19/2019,AA,1375,ORD,LAX,1533,33,1743,13,250
1/20/2019,NK,731,ORD,LAX,1524,6,1802,2,278
1/20/2019,NK,737,ORD,LAX,940,-5,1225,-3,285
1/20/2019,AA,245,ORD,LAX,2054,24,2318,10,264
1/20/2019,AA,1375,ORD,LAX,1553,53,1834,64,281
1/20/2019,AA,2364,ORD,LAX,1657,22,1911,5,254
1/20/2019,AA,2611,ORD,LAX,1349,18,1601,-1,252
1/20/2019,AA,2715,ORD,LAX,1838,8,2108,0,270
1/20/2019,AA,2744,ORD,LAX,1200,5,1425,0,265
1/20/2019,AA,1021,ORD,LAX,1033,18,1315,25,282
1/20/2019,AA,1163,ORD,LAX,902,-3,1126,-24,264
1/20/2019,AA,1208,ORD,LAX,656,-4,927,-18,271
1/20/2019,AS,1241,ORD,LAX,1854,-11,2140,-10,286
1/20/2019,UA,1836,ORD,LAX,1408,-4,1647,-2,279
1/20/2019,UA,1186,ORD,LAX,2223,70,101,64,278
1/20/2019,UA,592,ORD,LAX,1835,176,2103,168,268
1/20/2019,UA,566,ORD,LAX,1251,0,1515,-14,264
1/20/2019,UA,531,ORD,LAX,1028,-2,1307,-4,279
1/20/2019,UA,411,ORD,LAX,2120,201,8,213,288
1/20/2019,UA,366,ORD,LAX,1932,0,2214,4,282
1/20/2019,UA,310,ORD,LAX,1135,5,1359,-9,264
1/20/2019,UA,204,ORD,LAX,822,27,1048,12,266
1/21/2019,AS,1241,ORD,LAX,1913,8,2206,16,293
1/21/2019,UA,1186,ORD,LAX,2104,-1,2319,-25,255
1/21/2019,UA,592,ORD,LAX,1538,-1,1807,-8,269
1/21/2019,UA,566,ORD,LAX,1250,-1,1527,-2,277
1/21/2019,UA,531,ORD,LAX,1035,5,1328,17,293
1/21/2019,UA,411,ORD,LAX,1758,-1,2033,-2,275
1/21/2019,UA,366,ORD,LAX,1931,-1,2156,-14,265
1/21/2019,UA,310,ORD,LAX,1128,-2,1405,-3,277
1/21/2019,UA,204,ORD,LAX,749,-6,1051,15,302
1/21/2019,AA,2364,ORD,LAX,1636,1,1914,8,278
1/21/2019,AA,2611,ORD,LAX,1338,7,1611,9,273
1/21/2019,AA,2715,ORD,LAX,1826,-4,2049,-19,263
1/21/2019,AA,2744,ORD,LAX,1151,-4,1436,11,285
1/21/2019,AA,1021,ORD,LAX,1009,-6,1313,23,304
1/21/2019,AA,1163,ORD,LAX,1000,55,1241,51,281
1/21/2019,AA,1208,ORD,LAX,703,3,938,-7,275
1/21/2019,UA,1836,ORD,LAX,1405,-7,1639,-10,274
1/21/2019,NK,731,ORD,LAX,1515,-3,1757,-3,282
1/21/2019,NK,737,ORD,LAX,1032,47,1352,84,320
1/21/2019,AA,245,ORD,LAX,2029,-1,2307,-1,278
1/21/2019,AA,1375,ORD,LAX,1530,30,1803,33,273
1/22/2019,NK,731,ORD,LAX,1735,137,1958,118,263
1/22/2019,NK,737,ORD,LAX,1018,33,1249,21,271
1/22/2019,AA,245,ORD,LAX,2143,73,2356,48,253
1/22/2019,AA,1375,ORD,LAX,1529,29,1750,20,261
1/22/2019,AA,2364,ORD,LAX,1644,9,1859,-7,255
1/22/2019,AA,2611,ORD,LAX,1349,18,1609,7,260
1/22/2019,AA,2715,ORD,LAX,2014,104,2213,65,239
1/22/2019,AA,2744,ORD,LAX,1215,20,1457,32,282
1/22/2019,AA,1021,ORD,LAX,1052,37,1338,48,286
1/22/2019,AA,1163,ORD,LAX,930,25,1136,-14,246
1/22/2019,AA,1208,ORD,LAX,658,-2,913,-32,255
1/22/2019,UA,1836,ORD,LAX,1414,2,1640,-9,266
1/22/2019,UA,592,ORD,LAX,1559,20,1811,-4,252
1/22/2019,UA,566,ORD,LAX,1254,3,1513,-16,259
1/22/2019,UA,531,ORD,LAX,1102,32,1334,23,272
1/22/2019,UA,411,ORD,LAX,2046,167,2250,135,244
1/22/2019,UA,366,ORD,LAX,1932,0,2208,-2,276
1/22/2019,UA,310,ORD,LAX,1125,-5,1425,17,300
1/22/2019,UA,204,ORD,LAX,756,1,1030,-6,274
1/22/2019,AS,1241,ORD,LAX,1915,10,2152,2,277
1/23/2019,AS,1241,ORD,LAX,2100,115,2335,105,275
1/23/2019,AA,2364,ORD,LAX,1644,9,1902,-4,258
1/23/2019,AA,2611,ORD,LAX,1356,25,1630,28,274
1/23/2019,AA,2715,ORD,LAX,1850,20,2112,4,262
1/23/2019,AA,2744,ORD,LAX,1232,37,1513,48,281
1/23/2019,AA,1021,ORD,LAX,1054,39,1338,48,284
1/23/2019,AA,1163,ORD,LAX,916,11,1208,18,292
1/23/2019,AA,1208,ORD,LAX,713,13,922,-23,249
1/23/2019,NK,731,ORD,LAX,1653,95,1932,92,279
1/23/2019,NK,737,ORD,LAX,943,-2,1237,9,294
1/23/2019,AA,245,ORD,LAX,2122,52,2327,19,245
1/23/2019,AA,1375,ORD,LAX,1530,30,1756,26,266
1/23/2019,UA,1836,ORD,LAX,1417,5,1636,-13,259
1/23/2019,UA,592,ORD,LAX,1701,82,1934,79,273
1/23/2019,UA,566,ORD,LAX,1309,18,1538,9,269
1/23/2019,UA,531,ORD,LAX,1031,1,1331,20,300
1/23/2019,UA,411,ORD,LAX,1816,17,2049,14,273
1/23/2019,UA,366,ORD,LAX,1957,25,2216,6,259
1/23/2019,UA,310,ORD,LAX,1209,39,1436,28,267
1/23/2019,UA,204,ORD,LAX,753,-2,1024,-12,271
1/24/2019,NK,731,ORD,LAX,1515,-3,1743,-17,268
1/24/2019,NK,737,ORD,LAX,941,-4,1156,-32,255
1/24/2019,AA,245,ORD,LAX,2253,143,56,108,243
1/24/2019,AA,1375,ORD,LAX,1511,11,1728,-2,257
1/24/2019,UA,1836,ORD,LAX,1411,-1,1710,21,299
1/24/2019,UA,1186,ORD,LAX,2142,37,2339,-5,237
1/24/2019,UA,592,ORD,LAX,1536,-3,1755,-20,259
1/24/2019,UA,566,ORD,LAX,1251,0,1518,-11,267
1/24/2019,UA,531,ORD,LAX,1047,17,1308,-3,261
1/24/2019,UA,411,ORD,LAX,1758,-1,2015,-20,257
1/24/2019,UA,366,ORD,LAX,1930,-2,2146,-24,256
1/24/2019,UA,310,ORD,LAX,1140,10,1409,1,269
1/24/2019,UA,204,ORD,LAX,753,-2,1000,-36,247
1/24/2019,AA,2364,ORD,LAX,1656,21,1913,7,257
1/24/2019,AA,2611,ORD,LAX,1420,49,1654,52,274
1/24/2019,AA,2715,ORD,LAX,1917,47,2112,4,235
1/24/2019,AA,2744,ORD,LAX,1209,14,1427,2,258
1/24/2019,AA,1021,ORD,LAX,1033,18,1249,-1,256
1/24/2019,AA,1163,ORD,LAX,,,,,
1/24/2019,AA,1208,ORD,LAX,702,2,922,-23,260
1/24/2019,AS,1241,ORD,LAX,1925,20,2138,-12,253
1/25/2019,AS,1241,ORD,LAX,1920,15,2222,32,302
1/25/2019,AA,2364,ORD,LAX,1950,195,2215,189,265
1/25/2019,AA,2611,ORD,LAX,1328,-3,1541,-21,253
1/25/2019,AA,2715,ORD,LAX,1900,30,2122,14,262
1/25/2019,AA,2744,ORD,LAX,1151,-4,1407,-18,256
1/25/2019,AA,1021,ORD,LAX,1025,10,1257,7,272
1/25/2019,AA,1163,ORD,LAX,915,10,1153,3,278
1/25/2019,AA,1208,ORD,LAX,658,-2,917,-28,259
1/25/2019,NK,731,ORD,LAX,1519,1,1751,-9,272
1/25/2019,NK,737,ORD,LAX,936,-9,1201,-27,265
1/25/2019,AA,245,ORD,LAX,2106,36,2255,-13,229
1/25/2019,AA,1375,ORD,LAX,1506,6,1716,-14,250
1/25/2019,UA,1836,ORD,LAX,1407,-5,1624,-25,257
1/25/2019,UA,1186,ORD,LAX,2323,138,125,101,242
1/25/2019,UA,592,ORD,LAX,1555,16,1806,-9,251
1/25/2019,UA,566,ORD,LAX,1513,142,1728,119,255
1/25/2019,UA,531,ORD,LAX,1028,-2,1305,-6,277
1/25/2019,UA,411,ORD,LAX,1840,41,2043,8,243
1/25/2019,UA,366,ORD,LAX,2017,45,2240,30,263
1/25/2019,UA,310,ORD,LAX,1129,-1,1351,-17,262
1/25/2019,UA,204,ORD,LAX,910,75,1143,67,273
1/26/2019,NK,731,ORD,LAX,1514,-4,1720,-40,246
1/26/2019,NK,737,ORD,LAX,941,-4,1147,-41,246
1/26/2019,AA,245,ORD,LAX,2140,70,2341,33,241
1/26/2019,AA,1375,ORD,LAX,1505,5,1713,-17,248
1/26/2019,UA,592,ORD,LAX,1547,2,1756,-20,249
1/26/2019,UA,566,ORD,LAX,1355,64,1555,26,240
1/26/2019,UA,531,ORD,LAX,1041,11,1257,-14,256
1/26/2019,UA,411,ORD,LAX,1852,53,2057,22,245
1/26/2019,AA,2364,ORD,LAX,1646,11,1913,7,267
1/26/2019,AA,2611,ORD,LAX,1328,-3,1540,-22,252
1/26/2019,AA,2715,ORD,LAX,1906,36,2134,26,268
1/26/2019,AA,2744,ORD,LAX,1151,-4,1343,-42,232
1/26/2019,AA,1021,ORD,LAX,1024,9,1251,1,267
1/26/2019,AA,1163,ORD,LAX,902,-3,1105,-45,243
1/26/2019,AA,1208,ORD,LAX,659,-1,919,-26,260
1/26/2019,AS,1241,ORD,LAX,1911,6,2219,29,308
1/26/2019,UA,1836,ORD,LAX,1512,60,1711,22,239
1/26/2019,UA,1186,ORD,LAX,2147,34,11,18,264
1/27/2019,AA,2364,ORD,LAX,1630,-5,1841,-25,251
1/27/2019,AA,2611,ORD,LAX,1327,-4,1551,-11,264
1/27/2019,AA,2715,ORD,LAX,1828,-2,2114,6,286
1/27/2019,AA,2744,ORD,LAX,1158,3,1409,-16,251
1/27/2019,AA,1021,ORD,LAX,1027,12,1249,-1,262
1/27/2019,AA,1163,ORD,LAX,909,4,1136,-14,267
1/27/2019,AA,1208,ORD,LAX,703,3,910,-35,247
1/27/2019,AS,1241,ORD,LAX,1855,-10,2141,-9,286
1/27/2019,UA,1836,ORD,LAX,1410,-2,1625,-24,255
1/27/2019,UA,1186,ORD,LAX,2224,79,45,61,261
1/27/2019,UA,592,ORD,LAX,1534,-5,1758,-17,264
1/27/2019,UA,566,ORD,LAX,1250,-1,1506,-23,256
1/27/2019,UA,531,ORD,LAX,1033,3,1303,-8,270
1/27/2019,UA,411,ORD,LAX,1757,-2,2042,7,285
1/27/2019,UA,366,ORD,LAX,1930,-2,2218,8,288
1/27/2019,UA,310,ORD,LAX,1139,9,1359,-9,260
1/27/2019,UA,204,ORD,LAX,816,21,1038,2,262
1/27/2019,NK,731,ORD,LAX,1517,-1,1733,-27,256
1/27/2019,NK,737,ORD,LAX,942,-3,1153,-35,251
1/27/2019,AA,245,ORD,LAX,2032,2,2258,-10,266
1/27/2019,AA,1375,ORD,LAX,1538,38,1753,23,255
1/28/2019,NK,731,ORD,LAX,1518,0,1805,5,287
1/28/2019,NK,737,ORD,LAX,951,6,1327,59,336
1/28/2019,AA,245,ORD,LAX,,,,,
1/28/2019,AA,1375,ORD,LAX,1841,221,2122,232,281
1/28/2019,AA,2364,ORD,LAX,2245,370,126,380,281
1/28/2019,AA,2611,ORD,LAX,1543,132,1753,111,250
1/28/2019,AA,2715,ORD,LAX,,,,,
1/28/2019,AA,2744,ORD,LAX,1212,17,1431,6,259
1/28/2019,AA,1021,ORD,LAX,1054,39,1404,74,310
1/28/2019,AA,1163,ORD,LAX,936,31,1229,39,293
1/28/2019,AA,1208,ORD,LAX,,,,,
1/28/2019,AS,1241,ORD,LAX,2237,212,135,225,298
1/28/2019,UA,1836,ORD,LAX,,,,,
1/28/2019,UA,1186,ORD,LAX,2209,64,34,50,265
1/28/2019,UA,592,ORD,LAX,1654,75,1911,56,257
1/28/2019,UA,566,ORD,LAX,1332,41,1539,10,247
1/28/2019,UA,531,ORD,LAX,1047,17,1357,46,310
1/28/2019,UA,411,ORD,LAX,2013,134,2306,151,293
1/28/2019,UA,366,ORD,LAX,2153,141,19,129,266
1/28/2019,UA,310,ORD,LAX,,,,,
1/28/2019,UA,204,ORD,LAX,926,91,1313,157,347
1/29/2019,AA,2364,ORD,LAX,1636,1,1907,1,271
1/29/2019,AA,2611,ORD,LAX,1402,31,1625,23,263
1/29/2019,AA,2715,ORD,LAX,1838,8,2057,-11,259
1/29/2019,AA,2744,ORD,LAX,1155,0,1419,-6,264
1/29/2019,AA,1021,ORD,LAX,1017,2,1258,8,281
1/29/2019,AA,1163,ORD,LAX,951,46,1216,26,265
1/29/2019,AA,1208,ORD,LAX,717,17,1011,26,294
1/29/2019,AS,1241,ORD,LAX,1859,-6,2139,-11,280
1/29/2019,UA,1836,ORD,LAX,1404,-8,1633,-16,269
1/29/2019,UA,592,ORD,LAX,1531,-8,1803,-12,272
1/29/2019,UA,566,ORD,LAX,1250,-1,1529,0,279
1/29/2019,UA,531,ORD,LAX,1030,0,1312,1,282
1/29/2019,UA,411,ORD,LAX,1758,-1,2025,-10,267
1/29/2019,UA,366,ORD,LAX,1930,-2,2149,-21,259
1/29/2019,UA,310,ORD,LAX,1128,-2,1353,-15,265
1/29/2019,UA,204,ORD,LAX,754,-1,1026,-10,272
1/29/2019,NK,731,ORD,LAX,1522,4,1741,-19,259
1/29/2019,NK,737,ORD,LAX,1134,109,1355,87,261
1/29/2019,AA,245,ORD,LAX,2044,14,2302,-6,258
1/29/2019,AA,1375,ORD,LAX,1519,19,1740,10,261
1/30/2019,NK,731,ORD,LAX,,,,,
1/30/2019,NK,737,ORD,LAX,944,-1,1218,-10,274
1/30/2019,AA,245,ORD,LAX,,,,,
1/30/2019,AA,1375,ORD,LAX,,,,,
1/30/2019,AA,2364,ORD,LAX,,,,,
1/30/2019,AA,2611,ORD,LAX,,,,,
1/30/2019,AA,2715,ORD,LAX,,,,,
1/30/2019,AA,2744,ORD,LAX,1255,60,1633,,
1/30/2019,AA,1021,ORD,LAX,1104,49,1443,,
1/30/2019,AA,1163,ORD,LAX,1232,207,1443,173,251
1/30/2019,AA,1208,ORD,LAX,1043,223,1320,215,277
1/30/2019,AS,1241,ORD,LAX,1907,2,2144,-6,277
1/30/2019,UA,1836,ORD,LAX,1415,3,1746,,
1/30/2019,UA,592,ORD,LAX,1556,17,1926,,
1/30/2019,UA,566,ORD,LAX,,,,,
1/30/2019,UA,531,ORD,LAX,1411,221,1617,186,246
1/30/2019,UA,411,ORD,LAX,1751,-8,2014,-21,263
1/30/2019,UA,366,ORD,LAX,1932,0,2200,-10,268
1/30/2019,UA,310,ORD,LAX,1207,37,1425,17,258
1/30/2019,UA,204,ORD,LAX,828,33,1028,-8,240
1/31/2019,UA,1836,ORD,LAX,1411,-1,1633,-16,262
1/31/2019,UA,1186,ORD,LAX,2056,-9,22,38,326
1/31/2019,UA,592,ORD,LAX,1539,0,1753,-22,254
1/31/2019,UA,566,ORD,LAX,1246,-5,1503,-26,257
1/31/2019,UA,531,ORD,LAX,1117,47,1333,22,256
1/31/2019,UA,411,ORD,LAX,1918,79,2220,105,302
1/31/2019,UA,366,ORD,LAX,1943,11,2314,64,331
1/31/2019,UA,310,ORD,LAX,1127,-3,1345,-23,258
1/31/2019,UA,204,ORD,LAX,813,18,1028,-8,255
1/31/2019,AA,2364,ORD,LAX,1822,107,2034,88,252
1/31/2019,AA,2611,ORD,LAX,1338,7,1618,16,280
1/31/2019,AA,2715,ORD,LAX,1857,27,2132,24,275
1/31/2019,AA,2744,ORD,LAX,1202,7,1425,0,263
1/31/2019,AA,1021,ORD,LAX,,,,,
1/31/2019,AA,1163,ORD,LAX,,,,,
1/31/2019,AA,1208,ORD,LAX,,,,,
1/31/2019,AS,1241,ORD,LAX,222,437,458,428,276
1/31/2019,NK,731,ORD,LAX,1525,7,1757,-3,272
1/31/2019,NK,737,ORD,LAX,947,2,1227,-1,280
1/31/2019,AA,245,ORD,LAX,,,,,
1/31/2019,AA,1375,ORD,LAX,1503,3,1728,-2,265